{"textures":{"0":"modelengine:entity/crimson_demon_underlit","particle":"#0"},"elements":[{"from":[5.5,5.5,0.0],"to":[10.5,10.5,16.0],"faces":{"east":{"uv":[9.25,8.5,10.25,8.8125],"tintindex":0,"rotation":0,"texture":"#0"},"south":{"uv":[9.875,4.8125,10.1875,5.125],"tintindex":0,"rotation":0,"texture":"#0"},"north":{"uv":[9.75,9.8125,10.0625,10.125],"tintindex":0,"rotation":0,"texture":"#0"},"west":{"uv":[10.25,8.5,9.25,8.8125],"tintindex":0,"rotation":0,"texture":"#0"},"up":{"uv":[3.5,10.25,3.1875,9.25],"tintindex":0,"rotation":0,"texture":"#0"},"down":{"uv":[8.3125,9.375,8.0,10.375],"tintindex":0,"rotation":0,"texture":"#0"}}}],"display":{"gui":{"rotation":[-150.0,-45.0,180.0]}}}