{"textures":{"0":"modelengine:entity/crimson_demon_underlit","particle":"#0"},"elements":[{"from":[3.0,3.0,0.0],"to":[13.0,15.0,8.0],"faces":{"east":{"uv":[6.0,9.0,6.5,9.75],"tintindex":0,"rotation":0,"texture":"#0"},"south":{"uv":[9.5,1.125,8.875,1.875],"tintindex":0,"rotation":0,"texture":"#0"},"north":{"uv":[1.25,8.6875,0.625,9.4375],"tintindex":0,"rotation":0,"texture":"#0"},"west":{"uv":[6.5,9.0,6.0,9.75],"tintindex":0,"rotation":0,"texture":"#0"},"up":{"uv":[9.25,8.5,9.875,8.0],"tintindex":0,"rotation":0,"texture":"#0"},"down":{"uv":[9.375,5.1875,10.0,5.6875],"tintindex":0,"rotation":0,"texture":"#0"}}}],"display":{"gui":{"rotation":[-150.0,-45.0,180.0]}}}