{"textures":{"0":"modelengine:entity/crimson_demon_underlit","particle":"#0"},"elements":[{"from":[2.5,-4.0,-1.0],"to":[13.5,8.0,8.0],"faces":{"east":{"uv":[9.0,7.25,9.5625,8.0],"tintindex":0,"rotation":0,"texture":"#0"},"south":{"uv":[6.5,8.8125,7.1875,9.5625],"tintindex":0,"rotation":0,"texture":"#0"},"north":{"uv":[8.8125,3.625,9.5,4.375],"tintindex":0,"rotation":0,"texture":"#0"},"west":{"uv":[9.0,7.25,9.5625,8.0],"tintindex":0,"rotation":0,"texture":"#0"},"up":{"uv":[9.75,1.125,9.0625,0.5625],"tintindex":0,"rotation":0,"texture":"#0"},"down":{"uv":[3.1875,9.0625,2.5,9.625],"tintindex":0,"rotation":0,"texture":"#0"}}}],"display":{"gui":{"rotation":[-150.0,-45.0,180.0]}}}