{"textures":{"0":"modelengine:entity/crimson_demon_underlit","particle":"#0"},"elements":[{"from":[-6.0,2.0,8.0],"to":[-1.0,7.0,8.0],"faces":{"south":{"uv":[8.9375,9.8125,8.625,10.125],"tintindex":0,"rotation":0,"texture":"#0"},"north":{"uv":[8.625,9.8125,8.9375,10.125],"tintindex":0,"rotation":0,"texture":"#0"}},"rotation":{"origin":[2.5,5.0,8.0],"angle":45.0,"axis":"z"}},{"from":[-3.0,3.0,6.5],"to":[5.0,7.0,9.5],"faces":{"east":{"uv":[1.6875,9.0,1.875,9.25],"tintindex":0,"rotation":0,"texture":"#0"},"south":{"uv":[8.0,5.1875,8.5,5.4375],"tintindex":0,"rotation":0,"texture":"#0"},"north":{"uv":[8.0,1.9375,8.5,2.1875],"tintindex":0,"rotation":0,"texture":"#0"},"west":{"uv":[9.0,8.0,9.1875,8.25],"tintindex":0,"rotation":0,"texture":"#0"},"up":{"uv":[2.8125,6.8125,3.3125,7.0],"tintindex":0,"rotation":0,"texture":"#0"},"down":{"uv":[9.125,2.5,9.625,2.6875],"tintindex":0,"rotation":0,"texture":"#0"}},"rotation":{"origin":[2.5,5.0,8.0],"angle":45.0,"axis":"z"}},{"from":[3.0819092,9.33004,6.5],"to":[3.0819092,14.33004,9.5],"faces":{"east":{"uv":[8.875,1.875,9.0625,2.1875],"tintindex":0,"rotation":0,"texture":"#0"},"west":{"uv":[0.4375,8.9375,0.625,9.25],"tintindex":0,"rotation":0,"texture":"#0"}},"rotation":{"origin":[0.08190918,9.33004,8.0],"angle":-22.5,"axis":"z"}},{"from":[2.8535538,4.1819916,6.5],"to":[7.853554,8.181992,9.5],"faces":{"east":{"uv":[7.8125,1.125,8.0,1.375],"tintindex":0,"rotation":0,"texture":"#0"},"south":{"uv":[9.875,6.625,10.1875,6.875],"tintindex":0,"rotation":0,"texture":"#0"},"north":{"uv":[9.75,0.875,10.0625,1.125],"tintindex":0,"rotation":0,"texture":"#0"},"west":{"uv":[6.5,8.5625,6.6875,8.8125],"tintindex":0,"rotation":0,"texture":"#0"},"up":{"uv":[9.875,7.0625,10.1875,7.25],"tintindex":0,"rotation":0,"texture":"#0"},"down":{"uv":[9.875,8.0,10.1875,8.1875],"tintindex":0,"rotation":0,"texture":"#0"}}}],"display":{"gui":{"rotation":[-150.0,-45.0,180.0]}}}