{"textures":{"1":"modelengine:entity/ground_with_roots","particle":"#1"},"elements":[{"from":[-0.083333015,0.33333588,4.7683716E-7],"to":[15.916666,16.333336,16.0],"faces":{"east":{"uv":[0.0,4.0,4.0,8.0],"tintindex":0,"rotation":0,"texture":"#1"},"south":{"uv":[12.0,4.0,16.0,8.0],"tintindex":0,"rotation":0,"texture":"#1"},"north":{"uv":[4.0,4.0,8.0,8.0],"tintindex":0,"rotation":0,"texture":"#1"},"west":{"uv":[8.0,4.0,12.0,8.0],"tintindex":0,"rotation":0,"texture":"#1"},"up":{"uv":[8.0,4.0,4.0,0.0],"tintindex":0,"rotation":0,"texture":"#1"},"down":{"uv":[12.0,0.0,8.0,4.0],"tintindex":0,"rotation":0,"texture":"#1"}}},{"from":[0.16666651,-11.666664,8.0],"to":[16.166668,0.33333588,8.0],"faces":{"south":{"uv":[4.0,8.0,8.0,11.0],"tintindex":0,"rotation":0,"texture":"#1"},"north":{"uv":[0.0,8.0,4.0,11.0],"tintindex":0,"rotation":0,"texture":"#1"}},"rotation":{"origin":[8.166667,-7.666664,8.0],"angle":-45.0,"axis":"y"}},{"from":[-0.083333015,-11.666664,8.0],"to":[15.916666,0.33333588,8.0],"faces":{"south":{"uv":[8.0,8.0,4.0,11.0],"tintindex":0,"rotation":0,"texture":"#1"},"north":{"uv":[4.0,8.0,0.0,11.0],"tintindex":0,"rotation":0,"texture":"#1"}},"rotation":{"origin":[7.9166665,-7.666664,8.0],"angle":45.0,"axis":"y"}}],"display":{"gui":{"rotation":[-150.0,-45.0,180.0]}}}