{"textures":{"0":"modelengine:entity/crimson_demon_underlit","particle":"#0"},"elements":[{"from":[-3.0,-8.0,-15.0],"to":[19.0,8.0,8.0],"faces":{"east":{"uv":[1.375,6.0,2.8125,7.0],"tintindex":0,"rotation":0,"texture":"#0"},"south":{"uv":[6.625,4.5,8.0,5.5],"tintindex":0,"rotation":0,"texture":"#0"},"north":{"uv":[0.0,6.25,1.375,7.25],"tintindex":0,"rotation":0,"texture":"#0"},"west":{"uv":[1.375,6.0,2.8125,7.0],"tintindex":0,"rotation":0,"texture":"#0"},"up":{"uv":[5.625,3.8125,4.25,2.375],"tintindex":0,"rotation":0,"texture":"#0"},"down":{"uv":[1.375,4.8125,0.0,6.25],"tintindex":0,"rotation":0,"texture":"#0"}}}],"display":{"gui":{"rotation":[-150.0,-45.0,180.0]}}}