{
    "death": {
        "sounds": [
            "minotaur:death"
        ]
    },
    "hurt": {
        "sounds": [
            "minotaur:hurt_1",
            "minotaur:hurt_2",
            "minotaur:hurt_3"
        ]
    },
    "ambient": {
        "sounds": [
            "minotaur:ambient_1",
            "minotaur:ambient_2",
            "minotaur:ambient_3"
        ]
    },
    "idle": {
        "sounds": [
            "minotaur:ambient_1",
            "minotaur:ambient_2",
            "minotaur:ambient_3",
            "minotaur:sniff_1",
            "minotaur:sniff_2",
            "minotaur:sniff_3",
            "minotaur:sniff_4",
            "minotaur:sniff_5",
            "minotaur:sniff_6",
            "minotaur:sniff_7"
        ]
    },
    "leap": {
        "sounds": [
            "minotaur:leap_1",
            "minotaur:leap_2",
            "minotaur:leap_3"
        ]
    },
    "hit": {
        "sounds": [
            "minotaur:hit_sound",
            "minotaur:hit_sound2",
            "minotaur:hit_sound3",
            "minotaur:hit_sound4",
            "minotaur:hit_sound5"
        ]
    },
    "dirt_hit": {
        "sounds": [
            "minotaur:dirt_hit1",
            "minotaur:dirt_hit2",
            "minotaur:dirt_hit3"
        ]
    },
    "roar": {
        "sounds": [
            "minotaur:roar"
        ]
    },
    "awakening": {
        "sounds": [
            "minotaur:awakening"
        ]
    },
    "minotaur_stun_wall": {
        "sounds": [
            "minotaur:minotaur_stun_wall"
        ]
    }
}