{"model":{"type":"range_dispatch","property":"custom_model_data","index":0,"fallback":{"base":"item/template_skull","model":{"type":"head","kind":"player"},"type":"special"},"entries":[{"threshold":10000,"model":{"type":"special","base":"_iainternal:entity/player/phead_0","model":{"type":"head","kind":"player"}}},{"threshold":10001,"model":{"type":"special","base":"_iainternal:entity/player/parm_left_3","model":{"type":"head","kind":"player"}}},{"threshold":10002,"model":{"type":"special","base":"_iainternal:entity/player/pbody_2","model":{"type":"head","kind":"player"}}},{"threshold":10003,"model":{"type":"special","base":"_iainternal:entity/player/pleg_left_1","model":{"type":"head","kind":"player"}}},{"threshold":10004,"model":{"type":"special","base":"_iainternal:entity/player/pleg_right_5","model":{"type":"head","kind":"player"}}},{"threshold":10005,"model":{"type":"special","base":"_iainternal:entity/player/parm_right_4","model":{"type":"head","kind":"player"}}},{"threshold":10006,"model":{"type":"special","base":"_iainternal:entity/player/dummy_0","model":{"type":"head","kind":"player"}}},{"threshold":10007,"model":{"type":"special","base":"_iainternal:entity/player/dummy_1","model":{"type":"head","kind":"player"}}},{"threshold":10008,"model":{"type":"special","base":"_iainternal:entity/player/dummy_2","model":{"type":"head","kind":"player"}}},{"threshold":10009,"model":{"type":"special","base":"_iainternal:entity/player/dummy_3","model":{"type":"head","kind":"player"}}},{"threshold":10010,"model":{"type":"special","base":"_iainternal:entity/player/dummy_4","model":{"type":"head","kind":"player"}}},{"threshold":10011,"model":{"type":"special","base":"_iainternal:entity/player/dummy_5","model":{"type":"head","kind":"player"}}},{"threshold":10012,"model":{"type":"special","base":"item/player_head","model":{"type":"head","kind":"player"}}}]}}